{
    "KNN": {
        "accuracy_test": 0.43010752688172044,
        "precision": 0.4537883710096876,
        "recall": 0.43010752688172044,
        "f1_score": 0.4335922899562425,
        "roc_auc": 0.5900859489597986,
        "variety_names": [
            "co_43",
            "delux ponni",
            "ponmani"
        ]
    },
    "Logistic Regression": {
        "accuracy_test": 0.7060931899641577,
        "precision": 0.694900582878333,
        "recall": 0.7060931899641577,
        "f1_score": 0.6527950894847815,
        "roc_auc": 0.8472987713646942,
        "variety_names": [
            "co_43",
            "delux ponni",
            "ponmani"
        ]
    },
    "Decision Tree": {
        "accuracy_test": 0.6594982078853047,
        "precision": 0.7608804793555527,
        "recall": 0.6594982078853047,
        "f1_score": 0.6557185097462626,
        "roc_auc": 0.8413405745527717,
        "variety_names": [
            "co_43",
            "delux ponni",
            "ponmani"
        ]
    },
    "Random Forest": {
        "accuracy_test": 0.8046594982078853,
        "precision": 0.8058678538173412,
        "recall": 0.8046594982078853,
        "f1_score": 0.8038858597197696,
        "roc_auc": 0.9340907376191181,
        "variety_names": [
            "co_43",
            "delux ponni",
            "ponmani"
        ]
    },
    "XGBoost": {
        "accuracy_test": 0.9032258064516129,
        "precision": 0.9048273383638988,
        "recall": 0.9032258064516129,
        "f1_score": 0.9034868365209913,
        "roc_auc": 0.9689498588557278,
        "variety_names": [
            "co_43",
            "delux ponni",
            "ponmani"
        ]
    }
}