{
    "KNN": {
        "accuracy_test": 0.42473118279569894,
        "precision": 0.4374025106729285,
        "recall": 0.42473118279569894,
        "f1_score": 0.4286490829781447,
        "roc_auc": 0.6027220618972897,
        "variety_names": [
            "co_43",
            "delux ponni",
            "ponmani"
        ]
    },
    "Logistic Regression": {
        "accuracy_test": 0.6469534050179212,
        "precision": 0.5987654320987654,
        "recall": 0.6469534050179212,
        "f1_score": 0.5961461198632991,
        "roc_auc": 0.8012328416157037,
        "variety_names": [
            "co_43",
            "delux ponni",
            "ponmani"
        ]
    },
    "Decision Tree": {
        "accuracy_test": 0.6362007168458781,
        "precision": 0.7340845494355702,
        "recall": 0.6362007168458781,
        "f1_score": 0.6331060383571356,
        "roc_auc": 0.8306992354710945,
        "variety_names": [
            "co_43",
            "delux ponni",
            "ponmani"
        ]
    },
    "Random Forest": {
        "accuracy_test": 0.8154121863799283,
        "precision": 0.814870202869706,
        "recall": 0.8154121863799283,
        "f1_score": 0.8145302002244499,
        "roc_auc": 0.9144063603323268,
        "variety_names": [
            "co_43",
            "delux ponni",
            "ponmani"
        ]
    },
    "XGBoost": {
        "accuracy_test": 0.8763440860215054,
        "precision": 0.8772589417750708,
        "recall": 0.8763440860215054,
        "f1_score": 0.8764281410209993,
        "roc_auc": 0.9537743094474334,
        "variety_names": [
            "co_43",
            "delux ponni",
            "ponmani"
        ]
    }
}